Најпопуларније странице,Кликови,Прикази,Стопа учесталости кликова,Позиција
https://ledtehnika.com/,42,248,16.94%,5.74
https://ledtehnika.com/motori-za-kapiju,32,471,6.79%,8.43
https://ledtehnika.com/kategorije/automatizacija/wifi-bluetooth-upravljacka-jedinica-motor,20,308,6.49%,5.65
https://ledtehnika.com/kategorije/automatizacija/motor-za-kapiju-set,16,177,9.04%,6.82
https://ledtehnika.com/kategorije/bazenska-rasvjeta/toroidni-bazenski-trafo-100-w-ip-68-12-v-ac,9,82,10.98%,6.28
https://ledtehnika.com/kategorije/automatizacija/led-svetleca-signalizacija-signalna-lampa-led-panther,6,82,7.32%,7.33
https://ledtehnika.com/kategorije/bazenska-rasvjeta/led-traka-ip-68-rgb-smd,6,29,20.69%,7.97
https://ledtehnika.com/kategorije/automatizacija/letva-za-klizne-kapije,4,180,2.22%,12.87
https://ledtehnika.com/kategorije/bazenska-rasvjeta/led-reflektor-rgb-10-w-inox,4,78,5.13%,9.91
https://ledtehnika.com/kategorije/home-dekor/rgb-led-reflektor-200w-220v-rf-extreme,4,14,28.57%,3
https://ledtehnika.com/kategorije/automatizacija,3,82,3.66%,6.82
https://ledtehnika.com/kategorije/bazenska-rasvjeta/ugradbena-led-sijalica-24-w-par-56-rgb-6500-k,3,48,6.25%,8.08
https://ledtehnika.com/kontakt,3,48,6.25%,9.12
https://ledtehnika.com/kategorije/bazenska-rasvjeta/led-reflektor-rgb-18-w-inox,3,36,8.33%,8.92
https://ledtehnika.com/kategorije/bazenska-rasvjeta/rgb-led-reflektor-10w-12v-rf-montazni-bazen,2,51,3.92%,6.18
http://www.ledtehnika.com/,1,263,0.38%,9.02
https://ledtehnika.com/kategorije/automatizacija/daljinski-za-motor-za-kapiju,1,75,1.33%,15.81
https://ledtehnika.com/ledTehnika,1,40,2.5%,3.38
https://ledtehnika.com/kategorije/automatizacija/reflektujuca-fotocelija-sa-ogledalom,1,17,5.88%,5.94
https://ledtehnika.com/kategorije/home-dekor/rgb-led-reflektor-30w-220v-rf,1,9,11.11%,13.56
https://ledtehnika.com/kategorije/bazenska-rasvjeta/toroidni-bazenski-trafo-50-w-ip-68-12-v-ac,1,8,12.5%,7.62
https://ledtehnika.com/kategorije/bazenska-rasvjeta/prodor-led-bazenski-reflektor-rgb-35W-mlaznica,1,6,16.67%,4.17
https://ledtehnika.com/kategorije/home-dekor/rgb-led-reflektor-150w-220v-rf,1,5,20%,4.8
https://ledtehnika.com/kategorije/home-dekor/rgb-led-reflektor-20w-220v-rf,1,3,33.33%,7
https://ledtehnika.com/proizvodi,0,89,0%,7
https://ledtehnika.com/kategorije/bazenska-rasvjeta/toroidni-bazenski-trafo-150-w-ip-68-12-v-ac,0,33,0%,6.3
https://ledtehnika.com/kategorije/home-dekor/rgb-led-reflektor-100w-220v-rf,0,25,0%,8.88
https://ledtehnika.com/kategorije/bazenska-rasvjeta/zamjenska-led-sijalica-24-w-par-56-rgbw-6500-k,0,21,0%,7.57
https://ledtehnika.com/kategorije/bazenska-rasvjeta/mini-led-bazenski-reflektor-rgb-12W-mlaznica,0,13,0%,22.46
https://ledtehnika.com/kategorije/home-dekor/rgb-led-reflektor-50w-220v-rf,0,10,0%,9.6
https://ledtehnika.com/kategorije/bazenska-rasvjeta/18w-led-bazenski-reflektor-rgb-mlaznica-prodor,0,9,0%,7
https://ledtehnika.com/kategorije/Grijanje,0,8,0%,5.75
https://ledtehnika.com/kategorije/bazenska-rasvjeta/18w-ip68-led-bazenska-lampa-rgb-vodootporna,0,4,0%,4.5
https://ledtehnika.com/kategorije/home-dekor/zidna-lampa-8-x-3-w-3000-k-220-v,0,4,0%,10
https://ledtehnika.com/kategorije/home-dekor/zidna-lampa-4-x-3-w-3000-k-220-v,0,4,0%,14.5
https://www.ledtehnika.com/cartPage,0,3,0%,5.33
https://ledtehnika.com/kategorije/home-dekor/3w-ip67-led-podna-lampa-220v,0,2,0%,5.5
https://ledtehnika.com/kategorije/home-dekor/zidna-lampa-6-x-3-w-3000-k-220-v,0,2,0%,7.5
https://ledtehnika.com/kategorije/Smart sistemi,0,2,0%,9